I48,I48_Type,Y134,Y134_Type,E135,E135_Type,A415,A415_Type,M442,M442_Type,Y497,Y497_Type,E567,E567_Type,S568,S568_Type,I571,I571_Type,water
0.0,H,0.0,Y,0.0,G,0.0,D,0.0,W,0.0,F,0.0,T,0.0,S,0.0,N,20000.0
0.0,I,0.0,S,0.0,G,0.0,V,0.0,H,0.0,Y,0.0,N,0.0,S,0.0,Y,20000.0
0.0,I,0.0,E,0.0,G,0.0,C,0.0,G,0.0,Y,0.0,E,0.0,Y,0.0,I,20000.0
0.0,I,0.0,C,0.0,G,0.0,C,0.0,K,0.0,M,0.0,F,0.0,P,0.0,Q,20000.0
0.0,I,0.0,L,0.0,G,0.0,L,0.0,P,0.0,M,0.0,F,0.0,L,0.0,P,20000.0
0.0,I,0.0,H,0.0,G,0.0,V,0.0,M,0.0,M,0.0,R,0.0,W,0.0,I,20000.0
0.0,I,0.0,Y,0.0,G,0.0,P,0.0,D,0.0,W,0.0,K,0.0,M,0.0,L,20000.0
0.0,I,0.0,Y,0.0,G,0.0,F,0.0,E,0.0,E,0.0,Q,0.0,H,0.0,R,20000.0
0.0,M,0.0,K,0.0,G,0.0,T,0.0,A,0.0,Y,0.0,M,0.0,V,0.0,Q,20000.0
0.0,S,0.0,V,0.0,G,0.0,T,0.0,K,0.0,M,0.0,A,0.0,C,0.0,C,20000.0
0.0,F,0.0,D,0.0,G,0.0,Q,0.0,A,0.0,M,0.0,M,0.0,Y,0.0,N,20000.0
0.0,L,0.0,F,0.0,G,0.0,Q,0.0,A,0.0,M,0.0,M,0.0,V,0.0,E,20000.0
0.0,E,0.0,S,0.0,G,0.0,V,0.0,R,0.0,M,0.0,S,0.0,S,0.0,L,20000.0
0.0,I,0.0,C,0.0,G,0.0,T,0.0,I,0.0,S,0.0,V,0.0,W,0.0,D,20000.0
0.0,I,0.0,I,0.0,G,0.0,C,0.0,N,0.0,N,0.0,Y,0.0,H,0.0,R,20000.0
0.0,I,0.0,E,0.0,G,0.0,Q,0.0,Y,0.0,I,0.0,V,0.0,F,0.0,A,20000.0
0.0,I,0.0,F,0.0,G,0.0,W,0.0,H,0.0,E,0.0,D,0.0,F,0.0,W,20000.0
0.0,I,0.0,R,0.0,G,0.0,P,0.0,M,0.0,R,0.0,H,0.0,H,0.0,W,20000.0
0.0,I,0.0,V,0.0,G,0.0,Y,0.0,L,0.0,N,0.0,G,0.0,A,0.0,Q,20000.0
0.0,I,0.0,F,0.0,G,0.0,V,0.0,F,0.0,L,0.0,I,0.0,T,0.0,K,20000.0
0.0,I,0.0,N,0.0,G,0.0,F,0.0,M,0.0,P,0.0,H,0.0,E,0.0,C,20000.0
0.0,G,0.0,N,0.0,G,0.0,C,0.0,I,0.0,Y,0.0,F,0.0,P,0.0,P,20000.0
0.0,I,0.0,D,0.0,G,0.0,G,0.0,A,0.0,G,0.0,R,0.0,L,0.0,L,20000.0
0.0,I,0.0,K,0.0,G,0.0,M,0.0,F,0.0,G,0.0,T,0.0,L,0.0,F,20000.0
0.0,I,0.0,L,0.0,G,0.0,L,0.0,K,0.0,Q,0.0,H,0.0,E,0.0,S,20000.0
0.0,T,0.0,C,0.0,G,0.0,L,0.0,M,0.0,M,0.0,Y,0.0,V,0.0,M,20000.0
0.0,T,0.0,C,0.0,G,0.0,T,0.0,F,0.0,M,0.0,W,0.0,T,0.0,N,20000.0
0.0,E,0.0,P,0.0,G,0.0,R,0.0,H,0.0,M,0.0,D,0.0,N,0.0,F,20000.0
0.0,F,0.0,R,0.0,G,0.0,T,0.0,K,0.0,M,0.0,D,0.0,C,0.0,E,20000.0
0.0,H,0.0,V,0.0,G,0.0,V,0.0,T,0.0,M,0.0,H,0.0,K,0.0,S,20000.0
0.0,S,0.0,V,0.0,G,0.0,N,0.0,M,0.0,M,0.0,I,0.0,K,0.0,E,20000.0
0.0,M,0.0,E,0.0,G,0.0,C,0.0,A,0.0,Y,0.0,H,0.0,M,0.0,Q,20000.0
0.0,I,0.0,S,0.0,G,0.0,A,0.0,D,0.0,N,0.0,G,0.0,F,0.0,N,20000.0
0.0,D,0.0,G,0.0,G,0.0,H,0.0,I,0.0,M,0.0,Y,0.0,D,0.0,M,20000.0
0.0,N,0.0,I,0.0,G,0.0,S,0.0,M,0.0,M,0.0,T,0.0,F,0.0,E,20000.0
0.0,S,0.0,W,0.0,G,0.0,N,0.0,L,0.0,M,0.0,K,0.0,T,0.0,V,20000.0
0.0,V,0.0,C,0.0,G,0.0,D,0.0,K,0.0,M,0.0,W,0.0,G,0.0,L,20000.0
0.0,T,0.0,T,0.0,G,0.0,H,0.0,D,0.0,M,0.0,C,0.0,Q,0.0,D,20000.0
0.0,S,0.0,R,0.0,G,0.0,Q,0.0,I,0.0,M,0.0,Q,0.0,F,0.0,D,20000.0
0.0,R,0.0,D,0.0,G,0.0,R,0.0,L,0.0,M,0.0,L,0.0,W,0.0,H,20000.0
0.0,Q,0.0,F,0.0,G,0.0,D,0.0,V,0.0,M,0.0,D,0.0,H,0.0,Q,20000.0
0.0,I,0.0,H,0.0,G,0.0,I,0.0,G,0.0,N,0.0,L,0.0,M,0.0,V,20000.0
0.0,I,0.0,H,0.0,G,0.0,Q,0.0,Y,0.0,A,0.0,Y,0.0,V,0.0,V,20000.0
0.0,I,0.0,I,0.0,G,0.0,K,0.0,M,0.0,N,0.0,I,0.0,H,0.0,F,20000.0
0.0,I,0.0,I,0.0,G,0.0,T,0.0,Y,0.0,K,0.0,W,0.0,C,0.0,Y,20000.0
0.0,K,0.0,D,0.0,G,0.0,K,0.0,E,0.0,M,0.0,V,0.0,N,0.0,F,20000.0
0.0,P,0.0,H,0.0,G,0.0,E,0.0,Y,0.0,M,0.0,G,0.0,C,0.0,M,20000.0
0.0,G,0.0,E,0.0,G,0.0,G,0.0,A,0.0,M,0.0,L,0.0,R,0.0,A,20000.0
0.0,E,0.0,E,0.0,G,0.0,K,0.0,Y,0.0,M,0.0,W,0.0,L,0.0,C,20000.0
0.0,R,0.0,A,0.0,G,0.0,E,0.0,N,0.0,Y,0.0,V,0.0,P,0.0,N,20000.0
